Date,Screen Name,Full Name,Tweet Text,Tweet ID,Link(s),Media,Location,Retweets,Favorites,App,Followers,Follows,Listed,Verfied,User Since,Location,Bio,Website,Timezone,Profile Image
11/04/2020 20:37,@KarleiroLG,*Ôâ‚³ÉŒâ± Ã˜$Â â± â‚²*,Sentado en silencio pensÃ¡ndote a gritos. #cuarentena,1249149509936001024,,https://pbs.twimg.com/media/EVXentFWkAYT3SP.jpg,,0,0,Twitter for Android,46,134,0,,30/08/2014,MÃ©xico,"Me pierdo, me busco, me encuentro.",,,View
11/04/2020 20:37,@BaezZarah,:(:,Yo ya le hablo a todos como si fueran mis mejores amigos #cuarentena,1249149504437268480,,,,0,0,Twitter for iPhone,324,219,2,,14/04/2014,,,,,View
11/04/2020 20:36,@ale_cordoba,Ale Cordoba,Una de las 485 maneras de refutar a un terraplanista #cuarentena #fisica #matematica,1249149435336155136,https://youtu.be/MWEmYOsFe7w,,,0,0,Twitter for Android,57,332,0,,11/08/2009,,"Un muchacho con inquietudes varias. Agente no representativo. Creador de la frase: Â¿cuanto sale? ah, Â¿y a que hora cierra?",,,View
11/04/2020 20:36,@TrendTipsPRO,Un Tipo,"No salgas de casa, permite que todo llegue hasta tus manos y Â¡no te arrisgues! ğŸ¤— . . . . #hogar #salud #propagaciÃ³n #covid19 #coronavirus #mÃ©xico #cdmx #amazon @amazonprime #cuarentena #pandemia",1249149387323977729,,https://pbs.twimg.com/media/EVXevnLXkAEqjlL.jpg,,0,0,ContentStudio.io,1539,779,7,,14/08/2014,MÃ©xico,Trapped between 2 borders and I belong to both of them! / Me gusta compartir lo que veo en internet !,http://trendtipspro.esmibio.co,,View
11/04/2020 20:36,@TrendTipsPRO,Un Tipo,"No salgas de casa, permite que todo llegue hasta tus manos y Â¡no te arrisgues! ğŸ¤— . . . . #hogar #salud #propagaciÃ³n #covid19 #coronavirus #mÃ©xico #cdmx #amazon @amazonprime #cuarentena #pandemia",1249149385981734914,,https://pbs.twimg.com/media/EVXevg4WoAAcUQJ.jpg,,0,0,ContentStudio.io,1539,779,7,,14/08/2014,MÃ©xico,Trapped between 2 borders and I belong to both of them! / Me gusta compartir lo que veo en internet !,http://trendtipspro.esmibio.co,,View
11/04/2020 20:36,@Krisaxe,Cristian Violi,En cuarentenado tratando de llevarla #aquecimentodalexa #lexa #cuarentena #yomequedoencasa #noaguantomas @lexaoficial #Axe #coreografÃ­a #energÃ­a #cristianvioli #fitdance #encasa #lambaerobica #Funk en Villaâ€¦,1249149375831584771,https://www.instagram.com/p/B-3NH8KF4DF/?igshid=vzmg9hspneni,,#ERROR!,0,0,Instagram,368,373,0,,27/04/2011,Argentina =),Voy a reÃ­r voy a bailar vivir vivir lalalalala :D,http://www.youtube.com/krisaxee,,View
11/04/2020 20:36,@DayanMixx,Dayan Avila muÃ±oz,Ahora me dio por esto #cuarentena #COVID19,1249149369170956288,,pic.twitter.com/rqrIcOoBES,,0,0,Twitter for iPhone,28,54,0,,18/11/2016,La Habana cuba ,vive tu vida y se feliz,http://Youtube.com/LosMix,,View
11/04/2020 20:36,@mishelleagreda,Mishelle Alejandra,#AEstaHora @NicolasMaduro confirma el decreto de extensiÃ³n de #cuarentena por 30 dÃ­as mas en #Venezuela,1249149351752056833,,,,0,0,Twitter for Android,109,202,0,,6/07/2011,Caracas,Venezolana Periodista Reportera de calle Admiradora de mi hijo @mishelleagreda,,,View
11/04/2020 20:36,@QueralesGarcia,Escritorio JurÃ­dico,La Vicepresidenta de la RepÃºblica hoy notificÃ³ la extensiÃ³n del estado de alarma por 30 dÃ­as mÃ¡s. #Covid_19 #11Abril #cuarentena #Coronavirus,1249149270428725248,,https://pbs.twimg.com/media/EVXeo81WAAIQRMn.jpg,,0,0,Twitter for Android,701,1059,2,,31/10/2016,"San Felipe, Venezuela","Querales, GarcÃ­a & Asociados. Sociedad Civil de Servicios Legales, en materia #Penal, #Civil, Mercantil, #DDHH, ProtecciÃ³n y Familia. â˜ 0254-2316035 J40923993-4",http://www.facebook.com/queralesgarciayasociados/,,View
11/04/2020 20:36,@borgia777,Nestor Castillo,No a todos les gustan los nÃºmeros esta semana hay un curso virtual de meditaciÃ³n bastante interesante #cuarentena #Meditacion #Reflexiones,1249149268646137856,,pic.twitter.com/p8GWjVWzwn,,0,0,Twitter for Android,267,881,1,,10/03/2010,Sabaneta,,,,View
11/04/2020 20:36,@JayuyaInforma,Jayuya Informa,Jayuya Informa te da el paseo por nuestro pueblo para que no salgas de casa. #quedateencasa Â¡DisfrÃºtenlo! Â¡CompÃ¡rtanlo! #jayuya #toquedequeda #COVID19PR #cuarentena,1249149236861702146,,pic.twitter.com/RKizsfeCzP,,0,0,Twitter for Android,1095,957,2,,30/10/2012,"Jayuya, Puerto Rico","PeriÃ³dico digital en redes sociales que cubre eventos, noticias, fotos, entrevistas, denuncias y mÃ¡s sobre Jayuya y pueblos limÃ­trofes.",http://www.facebook.com/jayuyainforma,,View
11/04/2020 20:35,@UnaTalSofiii,~s á´ Ò“ Éª ğŸŒ¹,"Ahora 30 dÃ­as mÃ¡s, ya se me acabaron las ideas #cuarentena",1249149229647441920,,,,0,0,Mobile Web (M2),120,111,0,,19/10/2014,,No hagas a los demÃ¡s lo que no te gustarÃ­a que te hicieran ğŸ˜ŒğŸ’ƒ,https://www.instagram.com/es_sofi11/?hl=es-la,,View
11/04/2020 20:35,@herrerajose,Jose En@no Herrera,Todas fotos cenando o ya ferneciando y yo todavÃ­a trabajando!!! #Cuarentena #Tv #Prensa #Yo #Pulpo #OperadorGral,1249149226895933440,,,,0,0,Twitter for Android,266,599,0,,6/05/2010,ucacha cordoba,"Op. Radio FmVox 103.3 Ucacha, Camarografo y Fotografo Â«Â« â‚¬ Î© @ Î© Ã˜ Â»Â»",http://www.facebook.com.ar,,View
11/04/2020 20:35,@GritoNaranjaLP,Grito Naranja,"#Cuarentena | Â¿Vuelve al Naranja? EscuchÃ¡ la respuesta de Bruno Sarmiento, ante la consulta sobre su regreso a ADIP. AdemÃ¡s, si te perdiste la tercera ediciÃ³n de #GritoNaranjaLIVE la podÃ©s repasar en nuestras historias de Instagram. Muchas gracias por acompaÃ±ar!",1249149193333157888,,pic.twitter.com/cnPudy5XZm,,0,0,Twitter Web App,338,321,0,,29/01/2019,"La Plata, Argentina",TransmisiÃ³n partidaria de @AdipOficial en la Liga Amateur Platense 2020. Escuchanos en Fanpage de @AdipOficial Facebook: Grito Naranja IG: GritoNaranjalp,http://www.radionight.com.ar,,View
11/04/2020 20:35,@DPdelinterior,DIARIO PRENSA ğŸ‡¦ğŸ‡· del Interior,#Nacionales #Argentina ğŸ‡¦ğŸ‡· #Economia #DNU #Salud #cuarentena #CoronavirusEnArgentina #coronavirus #COVID19argentina #Covid19 #SomosResponsables EL GOBIERNO PUBLICÃ“ EL DNU QUE EXTIENDE LA CUARENTENA: EL DETALLE DE LAS ACTIVIDADES EXCEPTUADAS A PARTIR DEL LUNES @CasaRosada,1249149174978928642,,,,0,1,Twitter for Advertisers,466,2448,3,,4/08/2011,Villa Mercedes (San Luis),"""Con la fuerza del periodismo del interior"" Instagram: https://www.instagram.com/diarioprensadelinterior (Director PeriodÃ­stico: Lic. JosÃ© Luis Casiva)",http://diarioprensadelinterior.com/,,View
11/04/2020 20:35,@RoAldunateD,Rosario Aldunate,Ustedes tambiÃ©n pasan la #cuarentena esperando un terremoto? O en mi casa somos muy paranoicos?,1249149144884789248,,,,0,0,Twitter for iPhone,785,730,4,,8/11/2011,,"Empiezo bordados, pero no siempre los termino. En los tiempos libres, economista y profesora en la UC.",,,View
11/04/2020 20:35,@lado_mx,Lado.mx,#Cuarentena: El primer hijo de Kris Bryant y su esposa naciÃ³ en plena cuarentena por el COVID-19.,1249149140971466752,https://lado.mx/n.php?id=3847922,,,0,0,directoalcorreo,2589,2183,68,,24/11/2009,Mexico,"InformaciÃ³n en verdadero tiempo real, Web: http://lado.mx/ FB: https://www.facebook.com/Ladomx/ Contacto: webmaster@lado.mx",http://lado.mx,,View
11/04/2020 20:35,@ViolaSofia,Sofia Viola,"Domingo de pascua ğŸ°ğŸ¥šğŸ£ Los espero por aquÃ­ a las 13hs ğŸ‡¦ğŸ‡· 12hs ğŸ‡¨ğŸ‡± , 18hs ğŸ‡ªğŸ‡¸ , 11hs ğŸ‡²ğŸ‡½ , etcğŸ EstarÃ© cantando para acompaÃ±arles un ratito. Pueden pedir canciones. Les mando mil besos ğŸŒ¬ï¸ğŸ‚ğŸƒ . #cuarentena #cantoraencasaâ€¦",1249149130389311491,https://www.instagram.com/p/B-3NHk3gMLu/?igshid=1mt88wwbat3nt,,,1,1,Instagram,1475,80,8,,12/08/2011,,CANTA HASTA MORIR,http://www.sofiaviola.com.ar,,View
11/04/2020 20:35,@Cdvb2008,Cdvb2002,Mejor hilo o mejor hilo. Las respuestas son GENIALES!!! @PiensaPrensa @rvfradiopopular @MegafonoPopular #CuicosCuliaos #CuicosTerroristas #CuicosQLS #cuarentena #CuarentenaTotal #CoronaVirusEnChile #MatiasAssler #KikaSilva RT @angelicacristi: En Checoslovaquia ha existido una polÃ­tica sanitaria de MÃ¡scaras para Todos y ha funcionado. Incluso aunque sean caceras !! Por favor atinemos!!!,1249149070146494465,https://twitter.com/angelicacristi/status/1249094292972408832,,,0,0,Twitter Web App,1000,613,18,,15/12/2014,"Santiago, Metropolitana de San",#NoestamosenGuerra #AprueboNuevaConstitucion Marchamos y protestamos por nuestros Padres Abuelos e Hijos,,,View
11/04/2020 20:35,@tefibraun_vla20,Estefania,Ya me estoy aburriendo de esta #cuarentena ya ni netflix me entretiene... Ya empece 3 series y no me engancho ğŸ¤¦,1249149057009885184,,,,0,0,Twitter for Android,1,50,0,,23/03/2020,,,,,View
11/04/2020 20:35,@KennyChvez3,Kenny ChÃ¡vezâœ¨,"Hola, aprovechando la cuarentena y para que no se aburran pasen a ver mi Ãºltimo vÃ­deo ğŸ¤—ğŸ’Ÿ (fue en Febrero) ğŸ˜‚ PARA QUE SE DIVIERTAN UN POCO ğŸ¥° #Cuarentena #QuedateEnCasa #YoMeQuedoEnCasa",1249149022763388930,https://www.youtube.com/watch?v=iXIyAVs05mI&t=3s,,,0,0,Twitter Web App,34,130,0,,27/05/2019,,DERECHA ğŸ’ª PolÃ­ticamente incorrecto ğŸ› PRO VIDA ğŸ’™ EstudianteğŸ“šAdministraciÃ³n de EmpresasğŸ“Š,,,View
11/04/2020 20:35,@Rociovalentine4,SADGIRLâ˜†,Ayer salÃ­ a la terraza un ratito #QuedateEnCasa #Terraces #afternoon #moods #cuarentena #sunset,1249149003746476034,,https://pbs.twimg.com/media/EVXeY51XsAEPu4b.jpg,,0,0,Twitter for Android,64,533,0,,13/07/2019,"Buenos Aires, Argentina","gorda fan de resident evil,Lady gaga 23 aÃ±os,makeup fanâ™¡ inked girls",https://www.instagram.com/rociovalentine,,View
11/04/2020 20:35,@Juanelo_Cuba,Juanelo,La #cuarentena me tiene inventando cosas con los 3 putos juguetes que hay en mi casa ğŸ˜‚ğŸ˜‚ğŸ˜‚ğŸ˜‚ğŸ˜‚ #homemade #pentatonix,1249148998079918080,,pic.twitter.com/OVCLWHGr7b,,0,0,Twitter Web App,17,30,0,,8/11/2019,Cuba,No puedo vivir esperando un cambio.,,,View
11/04/2020 20:34,@EsmeraldadeRiva,Esmeralda de Rivas,"Dios quiere darte un Abrazo, Ã‰l quiere recibirte como su hijo, Hoy... Recuerda El no estÃ¡ en #cuarentena",1249148810317750275,,,,0,2,Twitter for iPad,3279,138,3,,11/08/2011,,Enamorada de mi SeÃ±or y del hombre que mi Padre me regalo...,http://www.vladimirrivas.com,,View
11/04/2020 20:34,@Michels_AB,Michels Araujo,"En esta #Cuarentena Queremos aprovechar la oportunidad para muchas cosas ğŸ˜ğŸ˜ . 1- CuÃ­date mucho, lava muy bien tus manos con agua y jabÃ³n ğŸ™Œ . 2- PrÃ¡ctica el #distanciamientosocial sabemos que para muchos es muyâ€¦",1249148764021022722,https://www.instagram.com/p/B-3M8wdBCyB/?igshid=1pb21io3e33i7,,,0,0,Instagram,208,245,1,,2/06/2010,"Merida, Venezuela",Estudiante de Farmacia-ULA,,,View
11/04/2020 20:34,@PrinceRayniero,Rayniero Alberto RodrÃ­guez Moya,"Se extiende la #cuarentena en #Venezuela por 30 dÃ­as. Es muy raro. Si hay tan pocos casos y todo estÃ¡ ""controlado"", porque extender el confinamiento? Ni EspaÃ±a e Italia toman una medida tan drÃ¡stica. Que pasarÃ¡ con nuestros trabajos y la poca economÃ­a del PaÃ­s? Que desastre ğŸ¤¦ğŸ»â€â™‚ï¸",1249148743213035520,,,,0,0,Twitter Web App,187,671,3,,2/02/2010,Venezuela,"Cada #dÃ­a sale el sol y hay que #vivir, cueste lo que cueste #VenezuelağŸ‡»ğŸ‡ª #IsladeMargaritağŸŒ´ #Abogadoâš–ï¸ #PapÃ¡ de #BiancaSelena â¤ï¸ #EmprendedorğŸ’ªğŸ¼ #SoÃ±adorğŸ’¥",https://www.instagram.com/princeraynieroalberto/,,View
11/04/2020 20:33,@antipochos,Meh,#CuarentenaExtendida #cuarentena #COVID__19 #Apocalipsis #QuedateEnCasa #QuedateEnCasaSubnormal #yonomepuedoquedarencasa Eddie Murphy fue un visionario...,1249148727761219584,,pic.twitter.com/jL3Aggsxk4,,0,0,Twitter for Android,76,64,0,,18/10/2016,,opinemos!!a fin de cuentas...las opiniones son como los culos....todos tenemos unoğŸ¤—ğŸ¤—,,,View
11/04/2020 20:33,@unaideamasse,Una Idea Mas,De mis pelÃ­culas favoritas ğŸ˜ğŸ’– #cuarentena #diadepelis #elcadaverdelanovia,1249148724103852032,https://www.instagram.com/p/B-3M7kXJytjfo9GX4t7b-Ze-he33t22vb9gGtw0/?igshid=hba8oagn2wal,,,0,0,Instagram,94,4,0,,25/02/2016,"Buenos Aires, Argentina",|| YT: http://goo.gl/IZC4TV || FB: http://goo.gl/G1v5SE || INS:http://goo.gl/VKCVo8 || CONTACTO: unaideamasse@gmail.com,https://www.youtube.com/channel/UC_7hA0ClDLoQrs5X5ZnapUg,,View
11/04/2020 20:33,@RicardoTorrees,Ricardo Torres âœŒ,No sÃ© cÃ³mo le hace la raza para hacer ejercicio en casa. A mi solo me da por levantarme a poner cafÃ© para el pan ğŸ¤·ğŸ¾â€â™‚ï¸â˜•. #coronavirus #cuarentena,1249148650590273536,,,,0,0,Twitter for Android,269,456,2,,13/05/2010,"MazatlÃ¡n, Sinaloa",El que merece no pide ğŸ‡²ğŸ‡½,,,View
11/04/2020 20:33,@chimom24,Jorge Eduardo Rodriguez Ramirez,Siguen las fluctuaciones de voltaje. #Merida le quedo grande la empresa #CADAFE . #Corpoelec no es ni un grano de arena ante la COMPAÃ‘ÃA ANÃ“NIMA DE ALUMBRADO Y FOMENTO ELECTRICO. #MeridasinLuz #VENEZUELASINLUZ #Cuarentena #10deabril2020 ..,1249148621859229699,,,,0,0,Twitter for Android,229,1159,0,,24/02/2020,ğŸ‡»ğŸ‡ªğŸ‡»ğŸ‡ªğŸ‡»ğŸ‡ªğŸ‡»ğŸ‡ªğŸ‡»ğŸ‡ªğŸ‡»ğŸ‡ªğŸ‡»ğŸ‡ª,piensa en grande.. y seras.. GRANDE.,,,View
11/04/2020 20:33,@CulebraDigital,CULEBRA DIGITAL,"El Congreso de EEUU cede mÃ¡s autoridad a #lucifer para combatir el #CoronaTrump se le escapÃ³ y estÃ¡ produciendo mÃ¡s de 2000 latinos muertos por dÃ­as . #Apocalipsis #DiosAlControl #cuarentena #QuedateEnCasa  RT @washingtonpost: Sidelined by coronavirus pandemic, Congress cedes stage and authority to Trump",1249148604159332352,"https://twitter.com/washingtonpost/status/1249135914292477952
https://wapo.st/2wtXufE",https://pbs.twimg.com/media/EVXeCLPWkAAIDpw.jpg,,0,0,Twitter for Android,1160,1894,2,,8/05/2017,,,,,View
11/04/2020 20:33,@soypaulavillega,Paula Villegas,Tengo miedo de que safaera pase de moda y yo sin poder ir a perrearla. #CuarentenaExtendida #FelizSabado #cuarentena #SiguemeYTeSigo,1249148584827719681,,,,0,0,Twitter for Android,14,11,0,,2/04/2020,"Puerto Vallarta, Jalisco",,,,View
11/04/2020 20:33,@TachiraNews,TÃ¡chira News,Extienden Estado de Alarma en Venezuela por 30 dÃ­as mÃ¡s  #TÃ¡chiraNews #CuarentenaExtendida #Cuarentena #11Abr #SÃ¡bado #TÃ¡chira,1249148573507366913,http://www.tachiranews.com/extienden-estado-de-alarma-en-venezuela-por-30-dias-mas/,,,1,0,Twitter for Android,38183,3067,116,,10/07/2012,TÃ¡chira,El portal informativo del estado TÃ¡chira. â“• TÃ¡chira News ğŸ“¸@Tachiranews_ tachiranewsprensa@gmail.com,http://www.tachiranews.com,,View
11/04/2020 20:33,@chenoticiasweb,Chenoticias,#ÃšLTIMAHORA | Delcy RodrÃ­guez informa que se extiende la #cuarentena por 30 dÃ­as mÃ¡s en Venezuela por Covid-19,1249148569002672128,https://bit.ly/3b2xozx,,,1,0,Bitly,3146,1770,16,,20/11/2015,Venezuela,"Noticias, entretenimiento y mucho mÃ¡s.",http://chenoticiasweb.blogspot.com,,View
11/04/2020 20:33,@Latitud21mx,Latitud 21 #QuÃ©dateEnCasa,"ğŸ¬ Graban #delfines en #Holbox El exconductor de TV Azteca @rulosorio subiÃ³ un video de delfines junto a una lancha. Muchos lo elogiaron pero otros lo criticaron. Ã‰l justificÃ³ que la isla estÃ¡ cerrada y no hay turistas, solo residentes y que salieron a pescar ğŸ£ #cuarentena ğŸ˜·",1249148531157413891,,pic.twitter.com/5laEqCmmDu,,0,0,Twitter Web App,3611,1884,42,,17/08/2012,"Quintana Roo, MÃ©xico",Revista #Latitud21 difunde el emprendedurismo y los negocios en el #CaribeMexicano,http://www.l21.mx,,View
11/04/2020 20:33,@Euge_28,Î£ÂµgÎµ ãƒ„,Mi buena compaÃ±ia #Georgie ğŸ’– ğŸ˜· #Cuarentena ğŸ™‹ğŸ¼â€â™€ï¸ #YoMeQuedoEnCasa ğŸ˜» #LoveMyCat en â˜… EuGe ãƒ„ 's World,1249148498341171201,https://www.instagram.com/p/B-3M1MsnXM2/?igshid=1ahth4x2n68xe,,#ERROR!,0,0,Instagram,631,469,24,,13/05/2010,â˜¼ EuGeÂ´s ' World,"Souls's Resercher **Succubus** Lectora Aprendiz Despertando - Respeto tu alma, no tus trajes #28D",https://www.instagram.com/euge_28,,View
11/04/2020 20:32,@EagerSnake,Pablo Javier Lucero,Hoy pizza a la parrilla. Porque la pizza es vida. #pizza #lapizzaesvida #pizzacasera #cuarentena,1249148460143718401,,https://pbs.twimg.com/media/EVXd44HWsAIf_qQ.jpg,,0,0,Twitter for Android,110,247,19,,7/12/2012,"Los Angeles, 2019",Proud SONY user. Independent filmmaker and photographer using ONLY SONY gear. U2 fan.,http://www.pablojavierlucero.com,,View
11/04/2020 20:32,@TReporta,Telemetro Reporta,"Para @TelemetroRadio tÃº eres lo mÃ¡s importante, es por eso que estÃ¡n trabajando para que puedas disfrutar de buena mÃºsica, entretenimiento y las Ãºltimas noticias para informarte durante estos dias de #cuarentena ğŸ ğŸ¶ğŸ“» #QuÃ©dateEnCasa y sintoniza #TelemetroRadio",1249148439922905089,,pic.twitter.com/aWdgELf6NF,,0,1,Twitter Web App,621447,1536,1144,âœ…,30/06/2011,#PanamÃ¡,"Ãšnete a la conversaciÃ³n y mantente informado con lo Ãºltimo en noticias, reportajes y entrevistas minuto a minuto. EnvÃ­a reportes y denuncias usando #TReporta",http://www.telemetro.com,,View
11/04/2020 20:32,@Adolfo_erick,AdolfoMLucky1 ğŸ‡²ğŸ‡½,"#MomentoSimpson para la #cuarentena en #MÃ©xico por el #SARSCoV2 #coronavirus #covid19 de @HLGatell y el #QuedateEnCasa O que, soltara a los policÃ­as indios que te pegan con palos, o a los negros que bailan con el ataÃºd, o a los policÃ­as negros que te pegan con el ataÃºd????",1249148391059345409,,https://pbs.twimg.com/media/EVXdzENWkAMHsJP.jpg,,0,0,Twitter for Android,179,891,1,,10/05/2010,MÃ©xico,"Estudiante #NutriciÃ³n, fan #Bts y #Kpop #Acuariofilia #Herbalife #Naturaleza #Vegetariano #AntiAmlo.... fan de #DisyuntivaTv, #UnaFamiliaDeDiez y #STARGATE",,,View
11/04/2020 20:32,@borgia777,Nestor Castillo,Gran curso que tuve la oportunidad de hacer gracias a @Excelaprende aprovechemos el tiempo en esta #cuarentena aprendamos #excel y #powerbi,1249148381496324096,,pic.twitter.com/s3n6NLeaSD,,0,0,Twitter for Android,267,881,1,,10/03/2010,Sabaneta,,,,View
11/04/2020 20:32,@arielgzg,Ariel GonzÃ¡lez Galeano,Gracias por la entrevista. #Sexualidad - #Cuarentena. Acceso al artÃ­culo completo en,1249148360994545664,http://www.cronica.com.py/2020/04/08/encierro-disparo-venta-juguetes-sexuales/,https://pbs.twimg.com/media/EVXdzkaWAAE9hO_.jpg,,0,0,Twitter for iPhone,775,1499,5,,7/07/2011,Paraguay,"PsicÃ³logo ClÃ­nico - SexÃ³logo - Docente - MÃ¡ster en SexologÃ­a y Terapia de Parejas - Gerente Gral de ECIS (EducaciÃ³n, ClÃ­nica e InvestigaciÃ³n en Sexualidad)",http://www.ecisweb.com,,View
11/04/2020 20:32,@Miguelroca_ad,Miguel Alvarez,"(1/2) Una amiga, ayer, se molestaba conmigo porque me dijo q ya el lunes era 13, q esperaba que la #Cuarentena NO se alargarÃ¡ tanto y yo le decÃ­a que POR LO MENOS se alargarÃ­a por un mes mÃ¡s. Luego entendÃ­ que no era molestia sino ANGUSTIA de ya no tener como comprar comida o...",1249148328648101891,,,,0,0,Twitter for Android,602,682,0,,6/02/2010,#ElHatillo / Edo. Miranda,"ğŸ‡»ğŸ‡ª Coordinador d operaciones y producciÃ³n #ViveElHatillo, Publicidad y mercadeo, DiseÃ±ador, Fotografo, Bartender, musico, SocialdemÃ³crata.",http://rokapublicidad.wix.com/inicio,,View
11/04/2020 20:31,@chenoticiasweb,Chenoticias,#Mundo Cubanos rompen la #cuarentena por #coronavirus para buscar alimentos mÃ¡s escasos,1249148201883615236,https://bit.ly/2RkKQa2,,,1,0,Bitly,3146,1770,16,,20/11/2015,Venezuela,"Noticias, entretenimiento y mucho mÃ¡s.",http://chenoticiasweb.blogspot.com,,View
11/04/2020 20:31,@unic1236,SERGIO ARANGO,"Lo mÃ¡s chingÃ³n de comer caldo de camarÃ³n, es cuando te acabas el caldo y te preparas los pinshis camarones con limÃ³n y buffalo!!!! #cuarentena #estamosencasa #caldodecamaron #cuaresma en Romero Rubio, Venustianoâ€¦",1249148110254850054,https://www.instagram.com/p/B-3Mp7Sn7eY/?igshid=1iieaqogrdwn7,,,0,0,Instagram,78,331,1,,9/03/2010,,CHEF,,,View
11/04/2020 20:31,@NutricionSan,SAN nutriciÃ³n,"Que esta #cuarentena no genere una mayor prevalencia de #obesidad. Estamos frente a una epidemia infecciosa aguda pero detrÃ¡s sigue estando la epidemia silenciosa, la de la muerte lenta que es la obesidad. #obesidadesenfermedad #COVID__19 #QuedateEnCasa",1249148004193484801,,https://pbs.twimg.com/media/EVXdfBOX0AIhpQK.jpg,,0,1,Twitter for Android,920,112,3,,6/03/2019,,La Sociedad Argentina de NutriciÃ³n (SAN) es una asociaciÃ³n civil que congrega a profesionales de la nutriciÃ³n y promueve el conocimiento cientÃ­fico del Ã¡rea,,,View
11/04/2020 20:31,@ivanturmero,IvÃ¡n Turmero,#Ecuador - #VÃ­ctimas de #violencia #intrafamiliar durante la #cuarentena  vÃ­a @YouTube ... #PrayForEcuador #EcuadorEnCrisis #EcuadorUnido #EcuadorSOS #EcuadorEnEmergencia,1249147985835016192,https://youtu.be/i6jXLcJYAvc,,,0,0,Twitter Web Client,2912,4225,58,,27/01/2010,"POZ, CCS-DF, VENEZUELA","58: ING. INDUSTRIAL MSc - ISAICC - CUBA, DOCENTE CON 31 AÃ‘OS DE EXPERIENCIA, PRE Y POSTGRADO - UNEXPO-POZ VENEZUELA - (JUBILADO) - ES/US/FR/PT/IT",,,View
11/04/2020 20:30,@AntenaSanLuis,Antena San Luis,#VIDEOVIRAL: Hombre en #cuarentena halla #automÃ³vil enterrado en su patio / La Verdad Noticias,1249147850245767168,http://bit.ly/2Vjum37,https://pbs.twimg.com/media/EVVcQqRXYAIyU7g.jpg,,0,0,TweetDeck,123093,4378,441,,30/08/2010,"San Luis PotosÃ­, SLP.","La plataforma informativa digital mÃ¡s potente del centro de #MÃ©xico / Av. Real de Lomas # 1005 4to, Piso Torre 2, Lomas 4ta. SecciÃ³n, 78216 San Luis, S.L.P.",https://www.antenasanluis.mx,,View
11/04/2020 20:30,@atusaludenlinea,A TU SALUD,Â¿Sabes diferenciar un fuerte dolor de cabeza a una crisis de migraÃ±a? AquÃ­ te mencionamos cuÃ¡les son las caracterÃ­sticas de este terrible dolor. â†’  #atusalud #atusaludenlinea #Venezuela #Cuarentena,1249147807430316033,https://bit.ly/3cakuzG,,,2,2,SocialGest,158221,44006,1168,,10/03/2010,Caracas Venezuela,"Plataforma multimedia de contenidos de salud avalados por los mejores mÃ©dicos especialistas, a fin de ofrecer calidad de vida y bienestar.",http://www.atusaludenlinea.com/,,View
11/04/2020 20:30,@ChrisCaballeri,Coyote West,Sigo tipeando los trabajos prÃ¡cticos de mi hijo. Creo que empecÃ© el secundario otra vez!!!!... Pero esta vez de escuela tÃ©cnica!!! #Cuarentena,1249147804917944322,,,,0,1,Twitter for Android,756,1071,1,,28/10/2013,"MorÃ³n, Argentinas",De Boca y del Gallo de MorÃ³n. #TeamInvierno. Con que no me rompan la paciencia me conformo.,,,View
11/04/2020 20:30,@MasQueUnaIdea_,Mas Que Una Idea,"El mensaje es claro... quedate en casa!! Con esa premisa, estaremos subiendo #decoideas para que Tu casa sea Tu lugar favorito en el mundo!. #decoideas #quedateencasa #cuarentena #deco #masqueunaidea #sanantoniochile",1249147801319211008,https://www.instagram.com/p/B-3Mg47JytB/?igshid=lj0uzeuuv3d8,,,0,0,Instagram,67,233,1,,9/06/2013,Chile,-DecoraciÃ³n / RemodelaciÃ³n / Eventos- TU PROYECTO + NUESTRAS IDEAS = LOS MEJORES RESULTADOS,http://www.masqueunaidea.cl,,View
11/04/2020 20:30,@UshuaiaVision,Ushuaia Vision,"Â¡Recomendado de #sabado Kingsman!ğŸ˜‰ Gary ""Eggsy"" Unwin es reclutado por el elegante agente Harry Hart para ser un aprendiz en el servicio secreto. ğŸ‘‰Hoy 23:34 hs, por FOX #sabado #saturday #recomedado #fox #Kingsman #finde #cuarentena",1249147777067757568,,https://pbs.twimg.com/media/EVXdSHMXgAEhco9.jpg,,0,0,Hootsuite Inc.,196,120,0,,21/11/2017,"Ushuaia, Argentina","Somos una empresa de Ushuaia. Ofrecemos servicios de entretenimiento, televisiÃ³n y conectividad. â˜ 0800 222 2884 - Disponible las 24 hs del dÃ­a.",http://www.ushuaiavision.com.ar,,View
11/04/2020 20:30,@AlvaroCueva,Ãlvaro Cueva,"La PasiÃ³n de Cristo, en Iztapalapa!, en tiempos de COVID-19. No te puedes perder esto:  @N22Digital @Canal22 #Debate22 #LaPasionDeCristo #Iztapalapa #Cristo #SemanaSanta2020 #SemanaSanta #COVID__19 #coronavirus #QuedateEnCasa #cuarentena",1249147757270532097,https://www.youtube.com/watch?v=8Nnl-4q8rW8,https://pbs.twimg.com/media/EVXdQ8RXsAAMpJU.png,,1,2,Hootsuite Inc.,336975,2573,2139,âœ…,22/04/2009,"Distrito Federal, MÃ©xico","Columnista en Milenio Diario, conductor en ADN40, Milenio TelevisiÃ³n, Canal 22 y TLNovelas. CrÃ­tico, periodista, conferencista.",https://www.milenio.com/opinion/alvaro-cueva,,View
11/04/2020 20:30,@GonzaloSchmidt,Gonzalo Schmidt,En esta #Cuarentena me enamorÃ© de los #Ducumentales â¤ #ViajesEnTren por diferentes paÃ­ses.,1249147752195534848,,https://pbs.twimg.com/media/EVXdQBCXYAErWpf.jpg,,0,0,Twitter for Android,37,34,0,,29/10/2010,,"Licenciado en ComunicaciÃ³n Social - Locutor en proceso - Director de @IsletasNoticias - Redactor, productor y conductor en Entre Medios S.A.",http://www.isletasnoticias.com.ar,,View
11/04/2020 20:30,@InfoMdpya,mdpya,Poderoso software detecta el coronavirus en cuestiÃ³n de segundos y con una precisiÃ³n del 98% #Testeos #Software #COVID__19 #coronavirus #cuarentena #CuarentenaAdministrada,1249147724433367042,https://www.mdpya.com.ar/poderoso-software-detecta-el-coronavirus-en-cuestion-de-segundos-y-con-una-precision-del-98/,https://pbs.twimg.com/media/EVVQ7NuX0AMdS6y.jpg,,0,1,Twitter for Advertisers,3203,3568,10,,29/09/2017,"Mar del Plata, Argentina",Noticias de Mar del Plata y la RegiÃ³n,http://www.mdpya.com.ar,,View
11/04/2020 20:29,@LiliFerrez,LilianağŸ¦©,Nivel Â«colorear mandalasÂ»: Desbloqueadoâœ…ğŸ° #Cuarentena #Covid_19,1249147722696966144,,https://pbs.twimg.com/media/EVXdNZmXkAEL1MA.jpg,,0,0,Twitter for Android,504,552,3,,26/07/2011,"San Gil, Colombia","Â¡Quisieron enterrarnos, pero no sabÃ­an que Ã©ramos semilla!ğŸŒ±",,,View
11/04/2020 20:29,@mnarbaiz,Miguel Narbaiz,#cuarentena no te tenemos miedo!,1249147717835796481,,https://pbs.twimg.com/media/EVXdLcYXkAIi1P8.jpg,,0,0,Twitter for Android,143,309,3,,10/06/2010,,,,,View
11/04/2020 20:29,@anitaherpz,Anita,"Este cumpleaÃ±os ha sido extraÃ±o es el aÃ±o que menos abrazos reales recibÃ­, el otro aÃ±o me desquitare si Dios lo permite, abrazare, abrazare #cumpleaÃ±os #cuarentena #abril2020",1249147664232570881,,,,0,0,Twitter for Android,532,917,4,,6/05/2009,En este bello mundo .,"MD. Me interesa amistad, salud, lectura, cine, mÃºsica, actualidad, viajes, Las cosas por algo pasan de eso no hay duda!!",,,View
11/04/2020 20:29,@BusquetsMedia,ğŸ…¿ï¸ABLO ğŸ…±ï¸USQUETS â™ï¸EDIA,Gran peli. No la habÃ­a visto. Excelente! #Rocketman #StayHome #QuedateEnCasa #YoMeQuedoEnCasa #cuarentena,1249147644276072453,,https://pbs.twimg.com/media/EVXdJn2XkAAJH_4.jpg,,0,0,Twitter for iPhone,4863,1358,13,,8/03/2013,,"PRODUCTOR DE TV. MANAGER ARTÃSTICO. Contrataciones: Fede Bal, Carmen Barbieri, Celeste Muriega, YasmÃ­n Corti, @luanafok",,,View
11/04/2020 20:29,@SilviaSanz0611,Silvia SÃ¡nchez,Antes me costaba el inglÃ©s y ahora creo que puedo ser trilingÃ¼e. #cuarentena,1249147637560983552,,,,0,0,Twitter for iPhone,279,746,5,,28/10/2012,Mi mundo,"Soy como un disco de mÃºsica, a veces feliz o triste, a veces aburrida o divertida, a veces fuerte o dÃ©bil, a veces romÃ¡ntica o amargada, a veces sabia o tonta â™ª",,,View
11/04/2020 20:29,@cristianzerpa,cristian zerpa,30 DÃ­as mas.. Ya esto se salio de Control solo Dios tiene la Respuesta #coronavirus #cuarentena #nomelacalo #30dias #noaguantomas #caracas #venezuela #vzla #ccs #emprendimiento #30diasmas #diosconnosotrosâ€¦,1249147632720777222,https://www.instagram.com/p/B-3Mb9fJ3Kn/?igshid=10zvr7d7l62q6,,,0,0,Instagram,67,587,0,,19/05/2010,CARACAS VENEZUELA,,,,View
11/04/2020 20:29,@Carlos_Leon6,Carlos LeÃ³n.ğŸ‡¨ğŸ‡´,"Yo no veo a un hÃ©roe, veo es una vÃ­ctima, un joven mÃ©dico con familia y un futuro prominente, truncado por un sistema de salud podrido donde importa mÃ¡s el negocio econÃ³mico que la vida. De que nos sirven hÃ©roes muertos? EPP Ya!!! #cuarentena #Colombia #Bogota RT @VickyDavilaH: AquÃ­ el homenaje de sus compaÃ±eros al doctor Carlos Nieto, quien muriÃ³ de Coronavirus en la ClÃ­nica Colombia en BogotÃ¡ #ProtejamosANuestrosHeroes #SemanaNoticias",1249147629021417473,https://twitter.com/VickyDavilaH/status/1249097502621655045,pic.twitter.com/ymjXAUj1XX,,0,0,Twitter for Android,832,1003,1,,2/07/2019,,"Amante de la vida, la Paz, el diÃ¡logo y la reconciliaciÃ³n.",,,View
11/04/2020 20:29,@Manuel_23G,Manuel Alejandro GarcÃ­a,"Si la curva del #Covid_19 estÃ¡ tan aplanada en Venezuela y si mÃ¡s del 50% de los casos ya estÃ¡n recuperados, Â¿Por quÃ© extienden tanto tiempo la #cuarentena? No me cuadra, pero me huele a combustible. #11Abr",1249147600848158721,,,,0,0,Twitter for iPhone,290,884,6,,4/05/2010,"TÃ¡chira, Venezuela",Periodista venezolano. Redactor de sucesos @laverdadweb 2014. Sucesos y polÃ­tica @noticiaaldia 2014-2018. Instagram: @manuel_23G manuelgarcia1990@gmail.com,,,View
11/04/2020 20:29,@cesardi5214,JOSE ANDRES LOPEZ NEGRET,ESTE CUERPITO CARIBEÃ‘O VA PARA PUERQUITO NAVIDEÃ‘O. ğŸ–ğŸ– #cuarentena #40tena #quedateencasa,1249147491121070081,,,,0,0,Twitter for Android,574,848,2,,28/02/2012,Colombia,veo el lado bueno de la polÃ­tico y el sexo. me gusta el porno y buen debate que termine en la cama. #gayman #gaysex,,,View
11/04/2020 20:29,@borgia777,Nestor Castillo,Recomiendo este curso gratuito del #institutoeuropeodeposgrado para aprovechar el tiempo en esta #cuarentena #coronavirus #quarentine,1249147481432129536,,pic.twitter.com/w4GxYfTRxo,,0,0,Twitter for Android,267,881,1,,10/03/2010,Sabaneta,,,,View
11/04/2020 20:28,@ColinasLAcacias,UrbColinasLasAcacias,"Panorama del Paseo Los Ilustres, Colinas de Las Acacias, Caracas este 11/04/2020 #cuarentena #COVID__19 @traffiCARACAS",1249147435034849282,,pic.twitter.com/HztF0bynTw,,3,7,Twitter for Android,2460,555,11,,9/10/2014,"Caracas, Venezuela","Vecinos de la UrbanizaciÃ³n Colinas de Las Acacias, ubicada alrededor de la av victoria.Urb cercanas: Santa Monica, Los Chaguaramos. Caracas, Venezuela ğŸ‡»ğŸ‡ª",,,View
11/04/2020 20:28,@ALONSOAXIOMA,Dr. ROCK ON,"Ustedes quÃ© estarÃ­an haciendo en este momento si no hubiera #cuarentena ? Yo, estarÃ­a acostado en mi cama tuiteando... mira que casualidad, justo como ahora !!! ğŸ˜„",1249147423555047424,,,,1,2,Twitter for Android,1189,599,1,,23/02/2018,Ciudadano del #Mundo,#Rock #Emelec #HumorÃcido CUENTA ADMINISTR POR CM Ex @AZUL_CROMADO ğŸ”´Cuenta basada en la vida real de un personaje de ficciÃ³n.,,,View
11/04/2020 20:27,@_A_Capela_1967,Bufete de Poetas,---Feliz Noche--- #QuedateEnCasa #mÃºsica #acuidarnos #coronavirus #cuarentena #StayHome #CuarentenaCoronavirus #ContigoEnLaDistancia #poerotic #Bienvenido,1249147195112198145,,https://pbs.twimg.com/media/EVXcbiKWsAEoT3W.png,,0,0,Twitter Web App,14969,15044,52,,4/05/2010,ğŸŒœQuarkğŸŒ,ğŸ¼PoetağŸ¼ ğŸ˜” http://BufetedePoetas.blogspot.com ğŸ¤”,,,View
11/04/2020 20:27,@domingorivas,DOMINGO RIVAS,"Ha sido extendida la #cuarentena en #Venezuela por 30 dÃ­as mÃ¡s. Aun el rÃ©gimen tiene mucho que explicar acerca de los nÃºmeros reales de los afectados por el #coronavirus El problemita de la gasolina aÃºn no estÃ¡ resuelto... No hay soluciÃ³n a corto plazo, que siga la manipulaciÃ³n!",1249147147901075456,,,,0,0,Twitter for Android,2960,2925,27,,3/05/2009,"Philadelphia, PA","Periodista CNP: 23.027, Locutor y Narrador de Noticias, Operador de radio y Radioaficionado YV1DOB. Instagram: @domingorivasv o @unmaracuchoenphilly",http://www.instagram.com/domingorivasv,,View
11/04/2020 20:27,@chulizuliani,â„™ğ•’ğ•“ğ•ğ• â€â„‚ğ•™ğ•¦ğ•ğ•šâ€â„¤ ğ•¦ğ•ğ•šğ•’ğ•Ÿğ•š,Pizzas y sorullos de maÃ­z ğŸ‡¦ğŸ‡·ğŸ‡µğŸ‡· para un sÃ¡bado de cuarentena wallyeska @larizuliani titabianchi . â€¢ â€¢ â€¢ #quarantine #cuarentena #pizzascaseras #sorullosdemaiz #stayhome #quedateencasa @â€¦,1249147143501348864,https://www.instagram.com/p/B-3MNt3DLwx7QrCosGjSRb0TTjHobn4dex0XTA0/?igshid=1pwyfo5sv1drf,,#ERROR!,0,0,Instagram,207,522,7,,10/12/2011,Miami Beach,ğŸ“ğŸ‡¦ğŸ‡·Based in Miami Beach â˜€ï¸ğŸŒ´ ğŸ¥‚ChampagneğŸ·Wine & ğŸ¥˜Food Lover âœˆï¸ Travel Addict ğŸ…ğŸ…”ğŸ…§ğŸ…£ NYCğŸ‡ºğŸ‡¸ ğŸ€ Sports,,,View
11/04/2020 20:27,@carodelrealc,Carola DelReal,ğŸ¥ºâ¤ï¸â¤ï¸â¤ï¸â¤ï¸ me muero de amor #cuarentena,1249147141852987392,,https://pbs.twimg.com/media/EVXcsZIUUAA7wlS.jpg,,0,7,Twitter for iPhone,786,617,1,,13/07/2010,,â˜¤ . XXIII . Mex . 686 .,http://Instagram.com/carodelrealc,,View
11/04/2020 20:27,@arqdanieldiaz_,arq.danieldiaz,Esta #cuarentena se hace insostenible en el tiempo. Cada vez son mas los hogares donde la nevera queda vacÃ­a. #COVIDãƒ¼19,1249147134705885185,,,,0,0,Twitter Web App,1,23,0,,1/04/2020,PanamÃ¡,"Arquitecto especialista en #BIM, #desarrollo, #diseÃ±o, #educaciÃ³n y #modelado #3d, #render. Cuenta en Instagram @arq.danieldiaz",http://www.arqdanieldiaz.com/,,View
11/04/2020 20:27,@JonathanBRoa,Jonathan,"#Coronavirus 16 nuevos casos, total 177 en #Chaco #QuedateEnTuCasa #Cuarentena",1249147117827915779,,,,0,0,Twitter for Android,570,1096,1,,15/08/2013,,"Radical y PolÃ­tico, de barranqueras!!",,,View
11/04/2020 20:27,@Loa_Saav,LoÎ±nÎ±,Pla na zo en #cuarentena es pedir comida y birra artesanal ğŸ’˜,1249147038710804480,,,,0,0,Twitter for Android,602,535,3,,18/06/2011,,23. ğŸ‡¦ğŸ‡·,,,View
11/04/2020 20:27,@einzell,Laura Merino,Menuda maratÃ³n me he pegado hoy. #cuarentena #ESDLA #LOTR,1249147002170028033,,,,0,0,Twitter for Android,335,347,4,,23/07/2012,,Atrocidad aberrante o aberraciÃ³n atroz,,,View
11/04/2020 20:26,@Os_andres,Osvaldo Arenas M,Ya no se q mas hacer #cuarentena,1249146923652648960,,https://pbs.twimg.com/media/EVXcemfWoAAMCOR.jpg,,0,1,Twitter for iPhone,634,1533,2,,18/03/2010,,"- universitario. gymlovers - auditorÃ­a . 25 aÃ±os, virgo.",,,View
11/04/2020 20:26,@diarioojo,Diario Ojo,Melissa Klug sorprende al vender mascarillas especializadas en plena #cuarentena ğŸ˜·ğŸ˜·,1249146794136698883,https://ojo.pe/ojo-show/coronavirus-peru-melissa-klug-sorprende-al-vender-mascarillas-especializadas-en-plena-cuarentena-web-ojo-noticia/,,,1,5,TweetDeck,333258,480,1075,,19/05/2009,"Lima, Peru",Ojo te mantiene informado con las noticias policiales y del espectÃ¡culo ğŸ˜‰,http://www.ojo.com.pe,,View
11/04/2020 20:26,@gdegavilanez,Javier Gavilanez,"En esta #cuarentena, Â¿quÃ© es lo que mÃ¡s te ha costado dominar?",1249146793964777474,,,,0,0,Twitter Web App,66,9,10,,29/12/2015,Estados Unidos ,Creando las mejores ideas y reflexiones. Â¡El #Ã©xito no es casualidad! En Instagram: @gdegavilanez,https://www.facebook.com/gdegavilanez/?eid=ARDY0udTh_DVjLJ57Q0gsBhNqz6udNNp30lqo-q47G258kcTgHiqbdBFC,,View
11/04/2020 20:26,@Manuel_23G,Manuel Alejandro GarcÃ­a,"Obviamente, al rÃ©gimen no le importa lo que pueda ser de la economÃ­a del paÃ­s en esta extensiÃ³n de #Cuarentena porque ya ellos la volvieron mierd... hace mucho tiempo, por eso se dan ese lujo. #11Abr",1249146787253956609,,,,0,0,Twitter for iPhone,290,884,6,,4/05/2010,"TÃ¡chira, Venezuela",Periodista venezolano. Redactor de sucesos @laverdadweb 2014. Sucesos y polÃ­tica @noticiaaldia 2014-2018. Instagram: @manuel_23G manuelgarcia1990@gmail.com,,,View
11/04/2020 20:26,@mecronomic,Mecronomic,#Europa reÃºne 540.000 mill de euros contra crisis #COVID2019: -Fondo Europeo de Rescate 240.000 mill. en crÃ©ditos a los Estados. - Banco Europeo de Inversiones 200.000 mill en prÃ©stamos para empresas. -Fondo contra el Desempleo 100.000 mill. #CoronavirusPandemic #Cuarentena,1249146781893636096,,,,0,0,Twitter for Android,1096,311,29,,6/02/2013,,"AnÃ¡lisis EconÃ³mico y PolÃ­tico relevante, informaciÃ³n clave y pensamiento estratÃ©gico para la toma de decisiones",,,View
11/04/2020 20:26,@SilviaSanz0611,Silvia SÃ¡nchez,"Y si asÃ­ como se lavan las manos tambiÃ©n se cepillan los dientes? No lo digo por la frecuencia sino por el tiempo de duraciÃ³n, la tÃ©cnica y la importancia. #cuarentena #CuarentenaPeru",1249146770778660867,,,,0,1,Twitter for iPhone,279,746,5,,28/10/2012,Mi mundo,"Soy como un disco de mÃºsica, a veces feliz o triste, a veces aburrida o divertida, a veces fuerte o dÃ©bil, a veces romÃ¡ntica o amargada, a veces sabia o tonta â™ª",,,View
11/04/2020 20:26,@ExtraCaqueta,Extra CaquetÃ¡,#TecnologÃ­a | En tiempos de #cuarentena una app permite consultar a profesionales de servicios generales,1249146745436753921,https://caqueta.extra.com.co/601912?rs=135383000,,,0,0,WEB Post to Timeline,1582,266,106,,14/05/2012,,,http://www.hsbnoticias.com,,View
11/04/2020 20:26,@HSBnoticias,HSB Noticias,#TecnologÃ­a | En tiempos de #cuarentena una app permite consultar a profesionales de servicios generales,1249146741435310081,https://hsbnoticias.com/601912?rs=1297932751,,,0,1,WEB Post to Timeline,27349,1704,485,,2/05/2012,BogotÃ¡ - Colombia,Vea aquÃ­ las noticias que no cuentan los medios tradicionales. TambiÃ©n le invitamos a participar en nuestra comunidad de Facebook: http://www.facebook.com/Hsbnoticias,http://www.hsbnoticias.com,,View
11/04/2020 20:25,@xaymi24,Xay,Desempolvando la guitarra #cuarentena #music #YoMeQuedoEnMiCasa,1249146704953249792,,pic.twitter.com/ZDK8jooL8i,,0,0,Twitter for iPhone,68,255,0,,22/07/2015,En mi casita :) ,la nena linda del pelo rizo y espejuelos,,,View
11/04/2020 20:25,@gianco48,Gianco,Hoy en casa mi querida mamÃ¡ hizo queque de plÃ¡tano ğŸ˜‹ğŸ˜‹ğŸ˜‹ #quequedeplatano #bananabread #cuarentena #lima #YoMeQuedoEnCasa,1249146696635944960,,https://pbs.twimg.com/media/EVXcRv-XkAEUETL.jpg,,0,0,Twitter for iPhone,18,59,0,,22/05/2012,Peru,I love to travel and food ğŸ˜Š Viajando y degustando comida ğŸ˜‹,http://instagram.com/gianco26,,View
11/04/2020 20:25,@Killer_Quake,Killer Quake,KQ al servicio de la comunidad ğŸ˜ƒ  #BuenFinde #MÃ©xico #mx #FelizSabado #Stickers #SabadoDeGloria #CDMX #EnCasa #cuarentena #WhatsApp,1249146673454108672,https://www.killerquake.com.mx/pages/descargas-whatsapp,https://pbs.twimg.com/media/EVXcOXlX0AQxs5M.jpg,,0,0,Twitter Web App,3563,165,8,,29/08/2018,"MÃ©rida, YucatÃ¡n","Creamos libros, playeras y productos de autor.",https://www.killerquake.com.mx/,,View
11/04/2020 20:25,@elpopular_pe,El Popular,#Maluma se aburre en #cuarentena y comparte su nÃºmero de telÃ©fono a sus fansâ–º,1249146669196771329,https://buff.ly/2VqzPVQ,https://pbs.twimg.com/media/EVXcRp3XYAA4jPZ.jpg,,0,0,Buffer,73595,968,354,,19/10/2010,PerÃº,Tu diario El Popular tambiÃ©n te informa y entretiene en Twitter. SÃ­guenos y participa de las promociones que tenemos para ti.,http://www.elpopular.pe/,,View
11/04/2020 20:25,@CataKuhlmann,Cata Kuhlmann,Y tÃº Â¿ quÃ© estÃ¡s esperando para probar mis panes ? #COVID__19 #COVID19 #chile #cuarentena #Apocalipsis #pan #RICO,1249146667070357507,,https://pbs.twimg.com/media/EVXcQrUWoAEtLpb.jpg,,0,0,Twitter for Android,5,55,0,,17/03/2020,"ValparaÃ­so, Chile",,,,View
11/04/2020 20:25,@Ochen40960759,Rocio,Soy especialista en masticar depresiÃ³n de noche #cuarentena,1249146613249052674,,,,0,0,Twitter for Android,33,747,0,,20/09/2018,Ciudad AutÃ³noma de Buenos Aire,Estudio comunicaciÃ³n #UBA,,,View
11/04/2020 20:25,@Wapokun,æ˜¥å±± Jorge,"BASTA DE MORDAZA Y ABUSO!! reclaman lo justo, ellos se encuentran en el grupo de riesgo!! #COVIDãƒ¼19 #coronavirusenperu #cuarentena RT @larepublica_pe: ğŸš¨ #URGENTE | Suspenden temporalmente a suboficial que pidiÃ³ ayuda para comisarÃ­a de BreÃ±a",1249146506478829568,"https://twitter.com/larepublica_pe/status/1249068064416632832
https://larepublica.pe/sociedad/2020/04/11/coronavirus-en-peru-suspenden-temporalmente-a-suboficial-que-pidio-ayuda-para-comisaria-de-brena/",,,0,0,Twitter for Android,58,354,1,,7/06/2016,,La noche deberÃ­a durar mÃ¡s,,,View
11/04/2020 20:25,@erucovas,Eru,"Estilo de temporada. parte de la colecciÃ³n ""AntiCoronao"" by Eru. . . . . #Cuarentena #Covid19 #Stayhome #Stayathome #Quedateencasa",1249146475218698242,,https://pbs.twimg.com/media/EVXcGQ2WoAMZuh0.jpg,,0,0,Buffer,482,1184,9,,30/05/2010,Rep.Dom,"Guitarist, singer, composer, song-writer, arranger and music producer. ""If you take care of music, it will take care of you""",http://www.erucovas.com,,View
11/04/2020 20:25,@empiria2015,victor amigorena,#Belleza Tarea de #Cuarentena Ya esta el 90% â¤ï¸,1249146471410216962,,https://pbs.twimg.com/media/EVXcDeEXYAIKSmY.jpg,,1,1,Twitter for iPhone,2043,1407,17,,10/05/2015,"Chubut, Argentina",Periodista Clarin Via Comodoro Consultor en com. interna y ext. Info del sector polÃ­tico y petrolero. Director en http://depetroleo.com Radio Del Mar,http://www.depetroleo.com,,View
11/04/2020 20:24,@NutrSinMarcas,DraCeciCastilloLancellotti,Tranquilicemos #conejito niÃ±os..#salvoconducto #coronavirus #cuarentena,1249146431778304000,,https://pbs.twimg.com/media/EVXcDUUWsAE5qJa.jpg,,1,1,Twitter for iPhone,1431,947,32,,28/07/2015,Santiago de Chile,"#Nomasviolencia Nutr Infantil MD, MPH, PhD Human Nutrition. #Chile Al Sur del Mundo. Facebook: AlimentosySalud Instagram: @dracecicastillolancellotti",http://nutricionsinmarcas.blogspot.com/,,View
11/04/2020 20:24,@AlexOrtizAgs,Alex Yto,"Finalmente pude hablar con franqueza en estas vacaciones de Semana Santa, asÃ­ como lo harÃ© para mi cumpleaÃ±os, o sea, no tuve que poner pretextos para no salir porque soy pobre. Â¿QuiÃ©n dirÃ­a que la pandemia trajo cosas buenas? #PorquePobre #GraciasPandemia #Covid19 #Cuarentena",1249146403403763712,,,,0,0,Twitter for Android,252,1537,1,,21/06/2016,"Aguascalientes, MÃ©xico","Facebook: Alex OrtÃ­z Ags/ Instagram: @AlexOrtizAgs/ Hoy es un buen dÃ­a para pistear, Â¿o cÃ³mo era? #YLaChonaSeMueve #CookieMonster",,,View
11/04/2020 20:24,@profelopezp,Cristian Lopez,"Leer urgente, esto pasa cuando quien debe infornar no lo hace porque no lo sabe o para ocultar negligentemente ... no sÃ© que es peor #Cuarentena #MaÃ±alich #coronavirus #COVID2019chile RT @ciper: Luego de la publicaciÃ³n de este reportaje, el municipio de Romeral informÃ³ que la autoridad sanitaria del Maule decidiÃ³ iniciar un sumario para determinar eventuales responsabilidades ğŸ‘‰",1249146384286191617,"https://twitter.com/ciper/status/1249115114952851457
http://bit.ly/Fabiola-Machuca",https://pbs.twimg.com/media/EVW_iHDXsAEcxq0.jpg,,0,0,Twitter for Android,1912,1247,15,,16/02/2011,Rancagua  Hualpen  ConcepciÃ³n,"Profe de FilosofÃ­a, desde que uno sabe que debe morir no importa como ni cuando (Camus) ... y tengo Vitiligo.",,,View
11/04/2020 20:24,@NicoLasaigues,Nico LasaÃ¯gues,"Otra noche, otra oportunidad para adivinar el juego de #Cuarentena Sin repetir ni soplar: Â¿QuÃ© pelÃ­cula estamos mirando? #SinRepetirNiSoplar",1249146375880806403,,https://pbs.twimg.com/media/EVXb__FWkAMjMmS.jpg,,0,0,Twitter for Android,478,427,12,,13/06/2012,"Buenos Aires, Argentina",Trabajaba de eliminar ninjas. Escribo suspenso y terror. TambiÃ©n hago cortometrajes. AstrÃ³nomo aficionado. âœ ğŸ¬ ğŸŒ™ http://www.imdb.com/name/nm8298468/,http://www.nicolasaigues.com.ar/,,View
11/04/2020 20:24,@SergioEdition,Sergio,A jugar! **Media=Secundaria #cuarentena #COVID__19 #crisis #virus #COVIDãƒ¼19 #DomingodeResurreccion #FelizSabado #FelizDomingo,1249146372160393216,,https://pbs.twimg.com/media/EVXb_zfWsAAURTB.png,,0,1,Twitter for Android,1292,2780,0,,20/03/2020,"La Serena, Chile","Elimino al que NO siga a los 7.000 /Aventurar, observar, aprender, vivir, emprender./ Felicidad estÃ¡ en: Dios, amar, crecimiento constante y actitud.",,,View
11/04/2020 20:24,@patoaguilar73,Patricio Aguilar,De las maravillas que uno se encuentra en la #Cuarentena @ABBA #dancingqueen #disco #bailar #dance #Dancehall,1249146359560749063,,https://pbs.twimg.com/media/EVXb_ZdWkAAeKwW.jpg,,0,2,Twitter for Android,6336,273,20,,19/06/2015,,"Periodista Deportivo â–ª TV, radio, diario y a diario â–ªTe comparto la RazÃ³n de mi PasiÃ³n â–ª Conferencias y RP: patodeportes@hotmail.com",https://www.facebook.com/Patoaguilar73-110823935673956/,,View
11/04/2020 20:24,@bryan0498,Bryan Ayala,Doble vida. âœŒ - - - - #doblevida #bed #blue #white #clonacion #photo #doble #habitaciÃ³n #cuarentena #cuarentenacreativa en En TÃº CorazÃ³n,1249146348991102977,https://www.instagram.com/p/B-3L2lih3rx/?igshid=mz9dcw5dfmmd,,,0,0,Instagram,713,1058,1,,12/08/2012,Quito-Ecuador,,http://www.facebook.com/bryan.ayala.750,,View
11/04/2020 20:24,@Rubenrengelm,RubÃ©n Rengel M.,"La apologÃ­a al pensamiento lÃ³gico racional es el arcaico sistema educativo que posee Venezuela, quedando demostrado en situaciones de emergencia como la que atravesamos. Desarrollemos competencias creativas en nuestros hijos. - #cuarentena #QuedateEnCasa #SistemaEducativo",1249146318762790912,,,,0,0,Twitter for Android,995,801,12,,23/08/2009,Pto La Cruz - Venezuela,Abogado especialista en Dcho. del Trabajo. Profesor universitario UGMA. Egresado de la Escuela Nacional de la Magistratura. Socio fundador de @VasquezRengel,,,View
11/04/2020 20:24,@Rey6David,Rey David,Ante de la #CuarentenaExtendida #CuarentenaNacional #Venezuela Â¿Que tipo de trabajo/oficio/negocio desempeÃ±Ã³? Â¿Hasta cuando aguantas la #cuarentena?,1249146278782664705,,,,0,0,Twitter Web App,2464,4572,13,,17/05/2010,"Cualquier parte,En todos lados","Trabajador , Pensante, Investigador, CrÃ­tico de la TiranÃ­a. En la lucha por un mejor paÃ­s para nuestros hijos y nietos. Viva Venezuela libre y DEMOCRÃTICA!.ğŸ‘",https://youtu.be/FdsdQwMTwBU,,View